<?xml version="1.0" encoding="UTF-8"?>
<GenRun Id="synth_1" LaunchPart="xc7a35tcpg236-1" LaunchTime="1639593875">
  <File Type="PA-TCL" Name="ARM_TopLevel.tcl"/>
  <File Type="REPORTS-TCL" Name="ARM_TopLevel_reports.tcl"/>
  <File Type="RDS-RDS" Name="ARM_TopLevel.vds"/>
  <File Type="RDS-UTIL" Name="ARM_TopLevel_utilization_synth.rpt"/>
  <File Type="RDS-UTIL-PB" Name="ARM_TopLevel_utilization_synth.pb"/>
  <File Type="RDS-DCP" Name="ARM_TopLevel.dcp"/>
  <FileSet Name="sources" Type="DesignSrcs" RelSrcDir="$PSRCDIR/sources_1" RelGenDir="$PGENDIR/sources_1">
    <Filter Type="Srcs"/>
    <File Path="$PSRCDIR/sources_1/imports/EECE 351/ARM_MultiCycle1/ARM_MultiCycle1.srcs/sources_1/imports/EECE 351/Lab5_Provided_Files/ALU.vhd">
      <FileInfo>
        <Attr Name="ImportPath" Val="G:/Shared drives/EECE 351/ARM_MultiCycle1/ARM_MultiCycle1.srcs/sources_1/imports/EECE 351/Lab5_Provided_Files/ALU.vhd"/>
        <Attr Name="ImportTime" Val="1638822159"/>
        <Attr Name="UsedIn" Val="synthesis"/>
        <Attr Name="UsedIn" Val="simulation"/>
      </FileInfo>
    </File>
    <File Path="$PSRCDIR/sources_1/imports/ARM_TopLevel/ARM_Control.vhd">
      <FileInfo>
        <Attr Name="ImportPath" Val="$PPRDIR/../../../../../ARM_TopLevel/ARM_Control.vhd"/>
        <Attr Name="ImportTime" Val="1639018535"/>
        <Attr Name="UsedIn" Val="synthesis"/>
        <Attr Name="UsedIn" Val="simulation"/>
      </FileInfo>
    </File>
    <File Path="$PSRCDIR/sources_1/imports/EECE 351/ARM_MultiCycle1/ARM_MultiCycle1.srcs/sources_1/imports/EECE 351/ARM_MC/ARM_MC.vhd">
      <FileInfo>
        <Attr Name="ImportPath" Val="G:/Shared drives/EECE 351/ARM_MultiCycle1/ARM_MultiCycle1.srcs/sources_1/imports/EECE 351/ARM_MC/ARM_MC.vhd"/>
        <Attr Name="ImportTime" Val="1639584395"/>
        <Attr Name="UsedIn" Val="synthesis"/>
        <Attr Name="UsedIn" Val="simulation"/>
      </FileInfo>
    </File>
    <File Path="$PSRCDIR/sources_1/imports/EECE 351/ARM_MultiCycle1/ARM_MultiCycle1.srcs/sources_1/imports/EECE 351/ARM_MC/ARM_MC_Conditional_Logic.vhd">
      <FileInfo>
        <Attr Name="ImportPath" Val="G:/Shared drives/EECE 351/ARM_MultiCycle1/ARM_MultiCycle1.srcs/sources_1/imports/EECE 351/ARM_MC/ARM_MC_Conditional_Logic.vhd"/>
        <Attr Name="ImportTime" Val="1639004561"/>
        <Attr Name="UsedIn" Val="synthesis"/>
        <Attr Name="UsedIn" Val="simulation"/>
      </FileInfo>
    </File>
    <File Path="$PSRCDIR/sources_1/imports/EECE 351/ARM_MultiCycle1/ARM_MultiCycle1.srcs/sources_1/imports/EECE 351/ARM_MC/ARM_MC_Controller.vhd">
      <FileInfo>
        <Attr Name="ImportPath" Val="G:/Shared drives/EECE 351/ARM_MultiCycle1/ARM_MultiCycle1.srcs/sources_1/imports/EECE 351/ARM_MC/ARM_MC_Controller.vhd"/>
        <Attr Name="ImportTime" Val="1639019651"/>
        <Attr Name="UsedIn" Val="synthesis"/>
        <Attr Name="UsedIn" Val="simulation"/>
      </FileInfo>
    </File>
    <File Path="$PSRCDIR/sources_1/imports/EECE 351/ARM_MultiCycle1/ARM_MultiCycle1.srcs/sources_1/imports/EECE 351/ARM_MC/ARM_MC_Datapath.vhd">
      <FileInfo>
        <Attr Name="ImportPath" Val="G:/Shared drives/EECE 351/ARM_MultiCycle1/ARM_MultiCycle1.srcs/sources_1/imports/EECE 351/ARM_MC/ARM_MC_Datapath.vhd"/>
        <Attr Name="ImportTime" Val="1639592995"/>
        <Attr Name="UsedIn" Val="synthesis"/>
        <Attr Name="UsedIn" Val="simulation"/>
      </FileInfo>
    </File>
    <File Path="$PSRCDIR/sources_1/imports/EECE 351/ARM_MultiCycle1/ARM_MultiCycle1.srcs/sources_1/imports/EECE 351/ARM_MC/ARM_MC_Decoder.vhd">
      <FileInfo>
        <Attr Name="ImportPath" Val="G:/Shared drives/EECE 351/ARM_MultiCycle1/ARM_MultiCycle1.srcs/sources_1/imports/EECE 351/ARM_MC/ARM_MC_Decoder.vhd"/>
        <Attr Name="ImportTime" Val="1639019475"/>
        <Attr Name="UsedIn" Val="synthesis"/>
        <Attr Name="UsedIn" Val="simulation"/>
      </FileInfo>
    </File>
    <File Path="$PSRCDIR/sources_1/imports/EECE 351/ARM_MultiCycle1/ARM_MultiCycle1.srcs/sources_1/imports/EECE 351/ARM_MC/ARM_MC_Instruction_Data_Memory.vhd">
      <FileInfo>
        <Attr Name="ImportPath" Val="G:/Shared drives/EECE 351/ARM_MultiCycle1/ARM_MultiCycle1.srcs/sources_1/imports/EECE 351/ARM_MC/ARM_MC_Instruction_Data_Memory.vhd"/>
        <Attr Name="ImportTime" Val="1638987519"/>
        <Attr Name="UsedIn" Val="synthesis"/>
        <Attr Name="UsedIn" Val="simulation"/>
      </FileInfo>
    </File>
    <File Path="$PSRCDIR/sources_1/imports/EECE 351/ARM_MultiCycle1/ARM_MultiCycle1.srcs/sources_1/imports/EECE 351/ARM_MC/ARM_SC_RegFile.vhd">
      <FileInfo>
        <Attr Name="ImportPath" Val="G:/Shared drives/EECE 351/ARM_MultiCycle1/ARM_MultiCycle1.srcs/sources_1/imports/EECE 351/ARM_MC/ARM_SC_RegFile.vhd"/>
        <Attr Name="ImportTime" Val="1637134954"/>
        <Attr Name="UsedIn" Val="synthesis"/>
        <Attr Name="UsedIn" Val="simulation"/>
      </FileInfo>
    </File>
    <File Path="$PSRCDIR/sources_1/imports/EECE 351/ARM_MultiCycle1/ARM_MultiCycle1.srcs/sources_1/imports/EECE 351/ARM_Shifter/Barrel_Shifter.vhd">
      <FileInfo>
        <Attr Name="ImportPath" Val="G:/Shared drives/EECE 351/ARM_MultiCycle1/ARM_MultiCycle1.srcs/sources_1/imports/EECE 351/ARM_Shifter/Barrel_Shifter.vhd"/>
        <Attr Name="ImportTime" Val="1638816011"/>
        <Attr Name="UsedIn" Val="synthesis"/>
        <Attr Name="UsedIn" Val="simulation"/>
      </FileInfo>
    </File>
    <File Path="$PSRCDIR/sources_1/imports/EECE 351/Lab3_Provided_Files/HEXon7segDisp.vhd">
      <FileInfo>
        <Attr Name="ImportPath" Val="G:/Shared drives/EECE 351/Lab3_Provided_Files/HEXon7segDisp.vhd"/>
        <Attr Name="ImportTime" Val="1639021404"/>
        <Attr Name="UsedIn" Val="synthesis"/>
        <Attr Name="UsedIn" Val="simulation"/>
      </FileInfo>
    </File>
    <File Path="$PSRCDIR/sources_1/imports/EECE 351/ARM_MultiCycle1/ARM_MultiCycle1.srcs/sources_1/imports/EECE 351/ARM_Shifter/Shift_16bit.vhd">
      <FileInfo>
        <Attr Name="ImportPath" Val="G:/Shared drives/EECE 351/ARM_MultiCycle1/ARM_MultiCycle1.srcs/sources_1/imports/EECE 351/ARM_Shifter/Shift_16bit.vhd"/>
        <Attr Name="ImportTime" Val="1639595294"/>
        <Attr Name="UsedIn" Val="synthesis"/>
        <Attr Name="UsedIn" Val="simulation"/>
      </FileInfo>
    </File>
    <File Path="$PSRCDIR/sources_1/imports/EECE 351/ARM_MultiCycle1/ARM_MultiCycle1.srcs/sources_1/imports/EECE 351/ARM_Shifter/Shift_1bit.vhd">
      <FileInfo>
        <Attr Name="ImportPath" Val="G:/Shared drives/EECE 351/ARM_MultiCycle1/ARM_MultiCycle1.srcs/sources_1/imports/EECE 351/ARM_Shifter/Shift_1bit.vhd"/>
        <Attr Name="ImportTime" Val="1639595377"/>
        <Attr Name="UsedIn" Val="synthesis"/>
        <Attr Name="UsedIn" Val="simulation"/>
      </FileInfo>
    </File>
    <File Path="$PSRCDIR/sources_1/imports/EECE 351/ARM_MultiCycle1/ARM_MultiCycle1.srcs/sources_1/imports/EECE 351/ARM_Shifter/Shift_2bit.vhd">
      <FileInfo>
        <Attr Name="ImportPath" Val="G:/Shared drives/EECE 351/ARM_MultiCycle1/ARM_MultiCycle1.srcs/sources_1/imports/EECE 351/ARM_Shifter/Shift_2bit.vhd"/>
        <Attr Name="ImportTime" Val="1639595359"/>
        <Attr Name="UsedIn" Val="synthesis"/>
        <Attr Name="UsedIn" Val="simulation"/>
      </FileInfo>
    </File>
    <File Path="$PSRCDIR/sources_1/imports/EECE 351/ARM_MultiCycle1/ARM_MultiCycle1.srcs/sources_1/imports/EECE 351/ARM_Shifter/Shift_4bit.vhd">
      <FileInfo>
        <Attr Name="ImportPath" Val="G:/Shared drives/EECE 351/ARM_MultiCycle1/ARM_MultiCycle1.srcs/sources_1/imports/EECE 351/ARM_Shifter/Shift_4bit.vhd"/>
        <Attr Name="ImportTime" Val="1639595351"/>
        <Attr Name="UsedIn" Val="synthesis"/>
        <Attr Name="UsedIn" Val="simulation"/>
      </FileInfo>
    </File>
    <File Path="$PSRCDIR/sources_1/imports/EECE 351/ARM_MultiCycle1/ARM_MultiCycle1.srcs/sources_1/imports/EECE 351/ARM_Shifter/Shift_8bit.vhd">
      <FileInfo>
        <Attr Name="ImportPath" Val="G:/Shared drives/EECE 351/ARM_MultiCycle1/ARM_MultiCycle1.srcs/sources_1/imports/EECE 351/ARM_Shifter/Shift_8bit.vhd"/>
        <Attr Name="ImportTime" Val="1639595341"/>
        <Attr Name="UsedIn" Val="synthesis"/>
        <Attr Name="UsedIn" Val="simulation"/>
      </FileInfo>
    </File>
    <File Path="$PSRCDIR/sources_1/imports/ARM_TopLevel/debounce.vhd">
      <FileInfo>
        <Attr Name="ImportPath" Val="$PPRDIR/../../../../../ARM_TopLevel/debounce.vhd"/>
        <Attr Name="ImportTime" Val="1639018535"/>
        <Attr Name="UsedIn" Val="synthesis"/>
        <Attr Name="UsedIn" Val="simulation"/>
      </FileInfo>
    </File>
    <File Path="$PSRCDIR/sources_1/imports/ARM_TopLevel/ARM_TopLevel.vhd">
      <FileInfo>
        <Attr Name="ImportPath" Val="$PPRDIR/../../../../../ARM_TopLevel/ARM_TopLevel.vhd"/>
        <Attr Name="ImportTime" Val="1639588588"/>
        <Attr Name="UsedIn" Val="synthesis"/>
        <Attr Name="UsedIn" Val="simulation"/>
      </FileInfo>
    </File>
    <Config>
      <Option Name="DesignMode" Val="RTL"/>
      <Option Name="TopModule" Val="ARM_TopLevel"/>
      <Option Name="TopAutoSet" Val="TRUE"/>
    </Config>
  </FileSet>
  <FileSet Name="constrs_in" Type="Constrs" RelSrcDir="$PSRCDIR/constrs_1">
    <Filter Type="Constrs"/>
    <File Path="$PSRCDIR/constrs_1/imports/ARM_TopLevel/ARM_Processor_Basys3.xdc">
      <FileInfo>
        <Attr Name="ImportPath" Val="$PPRDIR/../../../../../ARM_TopLevel/ARM_Processor_Basys3.xdc"/>
        <Attr Name="ImportTime" Val="1639018535"/>
        <Attr Name="UsedIn" Val="synthesis"/>
        <Attr Name="UsedIn" Val="implementation"/>
      </FileInfo>
    </File>
    <Config>
      <Option Name="ConstrsType" Val="XDC"/>
    </Config>
  </FileSet>
  <FileSet Name="utils" Type="Utils" RelSrcDir="$PSRCDIR/utils_1">
    <Filter Type="Utils"/>
    <Config>
      <Option Name="TopAutoSet" Val="TRUE"/>
    </Config>
  </FileSet>
  <Strategy Version="1" Minor="2">
    <StratHandle Name="Vivado Synthesis Defaults" Flow="Vivado Synthesis 2020"/>
    <Step Id="synth_design"/>
  </Strategy>
</GenRun>
